target_date,persistence,actual,rolling_model
2009-01-01,-0.3,1.5,-0.6170574941868869
2009-01-02,1.5,-1.0,-0.39067916830607713
2009-01-03,-1.0,-3.1,-1.338620716199276
2009-01-04,-3.1,-3.7,-5.261954165937789
2009-01-05,-3.7,-4.1,-1.4831240964799186
2009-01-06,-4.1,-4.2,-3.8279595605570744
2009-01-07,-4.2,-5.7,-5.490870208687043
2009-01-08,-5.7,-6.4,-5.598825529868037
2009-01-09,-6.4,-6.1,-5.784846075830587
2009-01-10,-6.1,-5.1,-4.964665431074222
2009-01-11,-5.1,-5.0,-4.9954925325529205
2009-01-12,-5.0,-4.7,-4.77479139004033
2009-01-13,-4.7,-3.1,-0.7219771752516958
2009-01-14,-3.1,-2.3,2.481984410499304
2009-01-15,-2.3,0.6,-0.40996863916780263
2009-01-16,0.6,-0.1,-0.68680567767899
2009-01-17,-0.1,0.0,0.5708840062755757
2009-01-18,0.0,3.1,3.865154740547677
2009-01-19,3.1,7.3,6.122608587519744
2009-01-20,7.3,4.3,5.875007429506681
2009-01-21,4.3,2.2,2.518249819520173
2009-01-22,2.2,1.5,3.150174238842462
2009-01-23,1.5,6.1,6.144510679546121
2009-01-24,6.1,2.6,5.602118203246862
2009-01-25,2.6,2.0,2.7848634407651187
2009-01-26,2.0,0.9,2.8450365353015767
2009-01-27,0.9,-0.2,2.4491904814762693
2009-01-28,-0.2,-0.8,-0.7765577733701433
2009-01-29,-0.8,0.8,-0.8867681409179835
2009-01-30,0.8,0.2,-0.13580924795376284
2009-01-31,0.2,-1.1,-0.4715649022062998
2009-02-01,-1.1,-1.0,-1.660358601944328
2009-02-02,-1.0,-1.5,-0.9066794696038675
2009-02-03,-1.5,0.8,-0.004324389390229606
2009-02-04,0.8,3.4,1.1586443488284188
2009-02-05,3.4,3.7,5.429501372627343
2009-02-06,3.7,5.1,5.500835772122319
2009-02-07,5.1,3.5,5.2870772862003195
2009-02-08,3.5,1.0,2.1853502356041705
2009-02-09,1.0,1.3,0.7430291355594171
2009-02-10,1.3,7.0,6.205301305015003
2009-02-11,7.0,2.2,2.0646486635785273
2009-02-12,2.2,0.3,1.2129123429446969
2009-02-13,0.3,-0.4,-0.6967556614017211
2009-02-14,-0.4,-0.8,1.3138001752477633
2009-02-15,-0.8,-1.9,-0.9867870577357035
2009-02-16,-1.9,-0.4,-0.8044329770027463
2009-02-17,-0.4,2.4,1.542925680225952
2009-02-18,2.4,-1.8,3.8784348951937995
2009-02-19,-1.8,-3.3,-0.630687561659566
2009-02-20,-3.3,-0.1,-1.4204344017350066
2009-02-21,-0.1,3.1,2.919966024297102
2009-02-22,3.1,3.0,4.16838471803521
2009-02-23,3.0,4.5,4.170901485358093
2009-02-24,4.5,4.0,4.466813732708691
2009-02-25,4.0,3.1,3.520260952573858
2009-02-26,3.1,4.1,3.8829933959851415
2009-02-27,4.1,6.6,6.602696178518877
2009-02-28,6.6,7.0,8.026254199333614
2009-03-01,7.0,6.7,7.597589488691447
2009-03-02,6.7,6.8,8.216556954658195
2009-03-03,6.8,5.6,6.724824701086223
2009-03-04,5.6,5.7,8.581639401277107
2009-03-05,5.7,3.2,5.256369288346173
2009-03-06,3.2,2.3,2.896945892544806
2009-03-07,2.3,3.6,3.586623916330705
2009-03-08,3.6,5.4,4.496900644625796
2009-03-09,5.4,4.3,6.77489628652922
2009-03-10,4.3,5.6,5.437005885384965
2009-03-11,5.6,5.3,7.036481790984972
2009-03-12,5.3,4.8,6.127128989720281
2009-03-13,4.8,9.5,8.718474777838649
2009-03-14,9.5,9.1,9.345280501270603
2009-03-15,9.1,9.9,9.557491081853518
2009-03-16,9.9,8.4,7.93535611157374
2009-03-17,8.4,7.4,7.496114741296549
2009-03-18,7.4,7.1,8.489589751873845
2009-03-19,7.1,6.1,7.33499746086441
2009-03-20,6.1,3.0,6.7199014950773535
2009-03-21,3.0,2.2,3.4391815623583533
2009-03-22,2.2,5.1,3.8712258487895084
2009-03-23,5.1,7.6,7.202712870092597
2009-03-24,7.6,4.3,7.483992329211784
2009-03-25,4.3,4.7,3.7025425292690257
2009-03-26,4.7,7.0,4.302796326837613
2009-03-27,7.0,8.9,7.676318341823569
2009-03-28,8.9,7.1,8.31378629279952
2009-03-29,7.1,6.3,6.960146087440843
2009-03-30,6.3,6.1,6.1024741099735715
2009-03-31,6.1,8.6,7.458705303263335
2009-04-01,8.6,8.1,9.002040943551725
2009-04-02,8.1,11.6,8.967555779381678
2009-04-03,11.6,14.4,10.506632112172545
2009-04-04,14.4,12.4,14.183663829585512
2009-04-05,12.4,12.9,11.651322543174441
2009-04-06,12.9,14.0,12.128300463282589
2009-04-07,14.0,14.0,14.45167273085175
2009-04-08,14.0,12.2,12.143432960479002
2009-04-09,12.2,14.0,12.190467978500127
2009-04-10,14.0,15.7,14.645044610425407
2009-04-11,15.7,15.8,12.99236485732643
2009-04-12,15.8,13.7,13.05446012314705
2009-04-13,13.7,14.7,12.180015577107245
2009-04-14,14.7,15.6,13.335446821553488
2009-04-15,15.6,16.2,14.80839867333346
2009-04-16,16.2,11.5,14.681849970341043
2009-04-17,11.5,11.1,12.791535814757419
2009-04-18,11.1,10.8,11.491068993989776
2009-04-19,10.8,11.1,11.095747349652264
2009-04-20,11.1,13.5,11.755263040118626
2009-04-21,13.5,14.1,13.078704932860017
2009-04-22,14.1,15.3,13.432960791511945
2009-04-23,15.3,12.0,13.718641673653964
2009-04-24,12.0,11.0,11.88629333772696
2009-04-25,11.0,15.6,12.358681972458394
2009-04-26,15.6,14.5,13.30164997608838
2009-04-27,14.5,11.6,13.346215432059457
2009-04-28,11.6,9.4,11.442934781322704
2009-04-29,9.4,9.3,10.381525545220857
2009-04-30,9.3,10.9,11.250205060144276
2009-05-01,10.9,13.7,12.338526082454012
2009-05-02,13.7,13.8,14.720289216550881
2009-05-03,13.8,14.5,14.752296652524258
2009-05-04,14.5,11.1,13.245858716945847
2009-05-05,11.1,10.3,10.90792959887906
2009-05-06,10.3,14.2,12.211244201538117
2009-05-07,14.2,16.7,15.015162581545924
2009-05-08,16.7,17.0,16.75976666486385
2009-05-09,17.0,16.8,13.731828077664554
2009-05-10,16.8,16.6,15.284434005877712
2009-05-11,16.6,17.7,16.647817233127526
2009-05-12,17.7,16.9,14.434413938066818
2009-05-13,16.9,17.8,15.548009016863066
2009-05-14,17.8,18.0,17.138638490007875
2009-05-15,18.0,14.0,16.75662485907545
2009-05-16,14.0,14.1,13.619696316145419
2009-05-17,14.1,18.1,15.678891881225876
2009-05-18,18.1,15.2,15.83268850182326
2009-05-19,15.2,17.3,16.341987869440267
2009-05-20,17.3,20.5,18.631295680737622
2009-05-21,20.5,19.7,20.581526026401715
2009-05-22,19.7,17.9,17.04303354407806
2009-05-23,17.9,19.3,15.679744306464308
2009-05-24,19.3,24.5,20.46070399694304
2009-05-25,24.5,24.9,23.472300088542955
2009-05-26,24.9,18.0,21.949027583595143
2009-05-27,18.0,14.1,15.67235908969723
2009-05-28,14.1,15.2,13.900736304534323
2009-05-29,15.2,16.4,15.57336903188564
2009-05-30,16.4,16.9,17.105357373585324
2009-05-31,16.9,16.0,16.814627449222616
2009-06-01,16.0,15.5,16.61699652243123
2009-06-02,15.5,17.2,16.94477696515337
2009-06-03,17.2,17.6,17.642319444659165
2009-06-04,17.6,15.9,15.726653481562442
2009-06-05,15.9,14.6,14.642344069851168
2009-06-06,14.6,14.6,12.911982329388797
2009-06-07,14.6,15.1,13.319352927087682
2009-06-08,15.1,16.1,14.345012755940859
2009-06-09,16.1,15.9,15.836548755432188
2009-06-10,15.9,17.9,16.161077684149888
2009-06-11,17.9,17.5,15.778765582635907
2009-06-12,17.5,16.8,17.779835467436328
2009-06-13,16.8,19.1,17.67125427485555
2009-06-14,19.1,21.1,21.770369789096105
2009-06-15,21.1,19.3,22.01616213489083
2009-06-16,19.3,18.4,17.297969051277597
2009-06-17,18.4,19.5,17.18989607651138
2009-06-18,19.5,22.8,22.154244382645413
2009-06-19,22.8,17.1,21.61256086241719
2009-06-20,17.1,14.9,14.61131258045722
2009-06-21,14.9,14.8,15.324994963423475
2009-06-22,14.8,13.7,15.287055779095041
2009-06-23,13.7,14.0,14.5933163195487
2009-06-24,14.0,17.5,14.86299624224135
2009-06-25,17.5,20.1,18.4380719350909
2009-06-26,20.1,19.3,20.888619931104305
2009-06-27,19.3,18.5,19.473776958969314
2009-06-28,18.5,20.6,20.11802742603811
2009-06-29,20.6,22.6,22.04793999368222
2009-06-30,22.6,23.2,22.343441392835164
2009-07-01,23.2,23.5,23.489162617398787
2009-07-02,23.5,23.7,23.655044590006433
2009-07-03,23.7,22.4,23.186004958425087
2009-07-04,22.4,22.0,22.186556129138378
2009-07-05,22.0,21.6,22.433643741854326
2009-07-06,21.6,21.3,20.417575332569832
2009-07-07,21.3,17.4,18.799839913090686
2009-07-08,17.4,16.3,17.64303134116656
2009-07-09,16.3,16.1,16.03020207756916
2009-07-10,16.1,16.7,16.19945966831138
2009-07-11,16.7,17.1,17.018315483786377
2009-07-12,17.1,18.2,19.369789810330186
2009-07-13,18.2,22.6,19.441467183718448
2009-07-14,22.6,23.4,20.34814819125733
2009-07-15,23.4,21.1,20.71211981735598
2009-07-16,21.1,24.0,22.378913984123447
2009-07-17,24.0,17.2,22.77245833479033
2009-07-18,17.2,14.4,17.02995308195721
2009-07-19,14.4,16.6,16.339628302086993
2009-07-20,16.6,19.8,18.864425451264992
2009-07-21,19.8,23.6,20.78233286907731
2009-07-22,23.6,22.4,22.862813747936357
2009-07-23,22.4,20.5,20.65959427368587
2009-07-24,20.5,18.2,18.323232738967217
2009-07-25,18.2,17.6,17.5334449007931
2009-07-26,17.6,19.0,18.43928951659987
2009-07-27,19.0,21.3,21.780021083350725
2009-07-28,21.3,19.4,18.75152452811877
2009-07-29,19.4,22.0,20.223211996324732
2009-07-30,22.0,20.7,21.76322230086953
2009-07-31,20.7,18.9,19.985825960311338
2009-08-01,18.9,22.9,20.9148978661273
2009-08-02,22.9,19.2,20.361283975839676
2009-08-03,19.2,17.0,18.6139900060803
2009-08-04,17.0,18.9,18.23388703106004
2009-08-05,18.9,20.1,21.417530519645595
2009-08-06,20.1,21.9,21.618294870485776
2009-08-07,21.9,22.9,22.66306513392627
2009-08-08,22.9,19.7,20.367399124562336
2009-08-09,19.7,21.3,19.662653926793066
2009-08-10,21.3,20.1,21.00061376481024
2009-08-11,20.1,20.5,20.11356236225191
2009-08-12,20.5,21.1,21.210254412481703
2009-08-13,21.1,21.9,21.48561459219753
2009-08-14,21.9,20.6,21.50650345472633
2009-08-15,20.6,22.6,21.73282886164871
2009-08-16,22.6,24.2,23.317948001620273
2009-08-17,24.2,24.0,23.160730773236743
2009-08-18,24.0,22.9,23.467854727823457
2009-08-19,22.9,24.9,23.980793081596683
2009-08-20,24.9,26.6,26.03697942710218
2009-08-21,26.6,21.9,24.24401099942426
2009-08-22,21.9,19.0,21.77888968907293
2009-08-23,19.0,19.9,21.134844482124873
2009-08-24,19.9,23.7,21.170393462369827
2009-08-25,23.7,21.7,21.546244327501586
2009-08-26,21.7,21.3,19.682373623703587
2009-08-27,21.3,22.5,22.36301786869585
2009-08-28,22.5,20.1,21.66647314884324
2009-08-29,20.1,16.9,18.970844092663384
2009-08-30,16.9,15.4,16.406447149358492
2009-08-31,15.4,19.3,17.431699810830864
2009-09-01,19.3,22.0,20.9180595293154
2009-09-02,22.0,18.9,18.472568761512417
2009-09-03,18.9,18.6,17.73024896916077
2009-09-04,18.6,15.0,16.565896087182818
2009-09-05,15.0,13.5,13.130769475823637
2009-09-06,13.5,14.4,15.211895761302916
2009-09-07,14.4,16.5,16.188100925235343
2009-09-08,16.5,18.4,18.562234596339827
2009-09-09,18.4,17.7,19.75764013235256
2009-09-10,17.7,17.4,17.917666931788776
2009-09-11,17.4,16.3,15.801356826873748
2009-09-12,16.3,15.9,14.934038727141248
2009-09-13,15.9,15.0,14.599246260358496
2009-09-14,15.0,12.5,13.5117986741373
2009-09-15,12.5,12.5,12.554132608772528
2009-09-16,12.5,14.6,13.405867719540936
2009-09-17,14.6,16.5,13.778518138833748
2009-09-18,16.5,17.4,15.927854822522079
2009-09-19,17.4,17.6,18.072679573260096
2009-09-20,17.6,18.1,17.869619284671895
2009-09-21,18.1,17.4,17.55881358944647
2009-09-22,17.4,18.2,16.67369011858356
2009-09-23,18.2,17.4,18.224941864764507
2009-09-24,17.4,17.4,17.793092632979597
2009-09-25,17.4,16.6,15.93906930708474
2009-09-26,16.6,15.2,15.370620822670121
2009-09-27,15.2,15.9,14.824982458029945
2009-09-28,15.9,15.8,15.868150606159745
2009-09-29,15.8,15.7,15.629397085788467
2009-09-30,15.7,15.3,15.698774579178252
2009-10-01,15.3,15.0,16.180684400994483
2009-10-02,15.0,12.6,12.660389658210256
2009-10-03,12.6,11.7,11.95046467656307
2009-10-04,11.7,12.2,13.41627039430679
2009-10-05,12.2,13.0,12.883566966154481
2009-10-06,13.0,17.8,15.235650879152441
2009-10-07,17.8,20.5,17.952951161295157
2009-10-08,20.5,17.5,19.268375232493614
2009-10-09,17.5,14.2,13.552108690296068
2009-10-10,14.2,15.2,13.46851324404517
2009-10-11,15.2,14.0,14.150392091274478
2009-10-12,14.0,10.9,11.82268620431058
2009-10-13,10.9,8.8,9.269506449168322
2009-10-14,8.8,5.4,6.49991041167823
2009-10-15,5.4,2.7,4.535762268787568
2009-10-16,2.7,4.9,2.823102996131685
2009-10-17,4.9,6.1,6.2614785605749725
2009-10-18,6.1,5.1,6.157998737942246
2009-10-19,5.1,5.0,5.2175236149489574
2009-10-20,5.0,6.7,7.899244874979245
2009-10-21,6.7,9.6,8.488515892296864
2009-10-22,9.6,10.5,10.27973916158726
2009-10-23,10.5,10.0,10.084763934937744
2009-10-24,10.0,10.3,10.477150070148117
2009-10-25,10.3,12.6,11.792555255234223
2009-10-26,12.6,11.8,11.87262143803095
2009-10-27,11.8,9.2,11.136125167829997
2009-10-28,9.2,9.4,10.440089769723972
2009-10-29,9.4,9.5,10.237059274468473
2009-10-30,9.5,8.4,9.874897359160613
2009-10-31,8.4,7.9,8.223631095610347
2009-11-01,7.9,9.7,8.296899051484981
2009-11-02,9.7,9.1,10.016120271795486
2009-11-03,9.1,8.3,7.10723822296318
2009-11-04,8.3,9.9,8.338668733429694
2009-11-05,9.9,7.6,7.543861428557003
2009-11-06,7.6,6.4,7.462700820417101
2009-11-07,6.4,5.5,6.678499947032294
2009-11-08,5.5,6.3,6.363454996502489
2009-11-09,6.3,5.0,4.59265572986791
2009-11-10,5.0,5.2,5.130573779692107
2009-11-11,5.2,5.6,5.358334776987469
2009-11-12,5.6,5.3,7.169673278130344
2009-11-13,5.3,10.5,9.33991385626151
2009-11-14,10.5,10.2,9.679221313182307
2009-11-15,10.2,8.8,9.883191946867264
2009-11-16,8.8,11.8,9.12233613554406
2009-11-17,11.8,12.6,10.574231266827406
2009-11-18,12.6,9.6,11.101990682308683
2009-11-19,9.6,8.5,9.195123158159596
2009-11-20,8.5,9.2,8.424033549084507
2009-11-21,9.2,8.7,9.83091868348869
2009-11-22,8.7,8.9,9.29609845369103
2009-11-23,8.9,11.4,9.249627800752311
2009-11-24,11.4,12.2,10.602606815340021
2009-11-25,12.2,9.1,11.821234846397578
2009-11-26,9.1,9.1,9.062452608318834
2009-11-27,9.1,7.4,7.624141995938929
2009-11-28,7.4,8.9,6.934723269615574
2009-11-29,8.9,6.2,7.698150121330942
2009-11-30,6.2,4.2,6.556914460184547
2009-12-01,4.2,4.5,3.2875576738906473
2009-12-02,4.5,3.7,3.993327419326479
2009-12-03,3.7,4.7,7.352424904980558
2009-12-04,4.7,3.6,6.683298174991464
2009-12-05,3.6,2.7,4.473353206317387
2009-12-06,2.7,6.5,7.684442551063327
2009-12-07,6.5,9.4,8.504831374304375
2009-12-08,9.4,6.9,8.264325094195222
2009-12-09,6.9,4.4,6.8667697690236595
2009-12-10,4.4,6.0,6.780174098369359
2009-12-11,6.0,5.0,5.866014636739853
2009-12-12,5.0,1.6,3.6390922315812566
2009-12-13,1.6,0.0,1.2720409492083822
2009-12-14,0.0,-0.9,-1.9925769594385905
2009-12-15,-0.9,-2.1,-3.416010707573095
2009-12-16,-2.1,-2.2,-3.1629611503573725
2009-12-17,-2.2,-3.7,-3.4948497656936475
2009-12-18,-3.7,-3.6,-3.0871053687016183
2009-12-19,-3.6,-9.3,-3.522431864159884
2009-12-20,-9.3,-8.3,-5.879541791946793
2009-12-21,-8.3,1.2,-1.5334483493567135
2009-12-22,1.2,8.3,1.8942431272837634
2009-12-23,8.3,2.9,3.1979701864493832
2009-12-24,2.9,3.9,2.342185365112802
2009-12-25,3.9,6.2,3.01439573372797
2009-12-26,6.2,0.4,3.743937685112863
2009-12-27,0.4,1.0,1.0247968600215702
2009-12-28,1.0,3.2,3.1125794063321104
2009-12-29,3.2,4.5,4.027851494839102
2009-12-30,4.5,8.5,8.268910722145185
2009-12-31,8.5,6.6,7.687747550333684
2010-01-01,6.6,2.9,5.231940013504209
