date,column,value,rule,action,replacement
2003-11-08,STOCKHOLM_cloud_cover,9.0,"[0.0, 8.0]",forward_fill,8.0
2008-07-24,STOCKHOLM_cloud_cover,-99.0,"[0.0, 8.0]",forward_fill,1.0
2009-06-25,STOCKHOLM_cloud_cover,-99.0,"[0.0, 8.0]",forward_fill,0.0
2000-01-24,STOCKHOLM_pressure,-0.099,"[0.9, 1.1]",forward_fill,1.0176
2007-06-03,STOCKHOLM_pressure,-0.099,"[0.9, 1.1]",forward_fill,1.0325
2007-10-08,STOCKHOLM_pressure,-0.099,"[0.9, 1.1]",forward_fill,1.0149
2000-03-26,STOCKHOLM_sunshine,-1.7,>= 0.0,forward_fill,9.7
2000-07-31,STOCKHOLM_sunshine,-1.7,>= 0.0,forward_fill,7.7
2000-08-31,STOCKHOLM_sunshine,-1.7,>= 0.0,forward_fill,5.1
2000-10-29,STOCKHOLM_sunshine,-1.7,>= 0.0,forward_fill,0.0
2001-03-25,STOCKHOLM_sunshine,-1.7,>= 0.0,forward_fill,10.2
2001-03-31,STOCKHOLM_sunshine,-1.7,>= 0.0,forward_fill,0.0
2001-04-30,STOCKHOLM_sunshine,-1.7,>= 0.0,forward_fill,5.1
2001-10-28,STOCKHOLM_sunshine,-1.7,>= 0.0,forward_fill,0.1
2002-03-31,STOCKHOLM_sunshine,-1.7,>= 0.0,forward_fill,10.1
2002-10-27,STOCKHOLM_sunshine,-1.7,>= 0.0,forward_fill,0.0
2002-12-31,STOCKHOLM_sunshine,-1.7,>= 0.0,forward_fill,2.4
2003-01-31,STOCKHOLM_sunshine,-1.7,>= 0.0,forward_fill,5.1
2003-03-30,STOCKHOLM_sunshine,-1.7,>= 0.0,forward_fill,10.2
2003-04-30,STOCKHOLM_sunshine,-1.7,>= 0.0,forward_fill,0.0
2003-05-31,STOCKHOLM_sunshine,-1.7,>= 0.0,forward_fill,5.1
2003-10-26,STOCKHOLM_sunshine,-1.7,>= 0.0,forward_fill,5.9
2004-01-04,STOCKHOLM_sunshine,-1.7,>= 0.0,forward_fill,0.5
2004-01-21,STOCKHOLM_sunshine,-1.7,>= 0.0,forward_fill,5.1
2004-03-28,STOCKHOLM_sunshine,-1.7,>= 0.0,forward_fill,0.1
2004-10-31,STOCKHOLM_sunshine,-1.7,>= 0.0,forward_fill,0.0
2005-03-27,STOCKHOLM_sunshine,-1.7,>= 0.0,forward_fill,11.4
2005-09-29,STOCKHOLM_sunshine,-1.7,>= 0.0,forward_fill,1.0
2005-10-30,STOCKHOLM_sunshine,-1.7,>= 0.0,forward_fill,6.9
2006-03-26,STOCKHOLM_sunshine,-1.7,>= 0.0,forward_fill,12.1
2006-07-31,STOCKHOLM_sunshine,-1.7,>= 0.0,forward_fill,12.7
2006-08-31,STOCKHOLM_sunshine,-1.7,>= 0.0,forward_fill,5.1
2006-10-29,STOCKHOLM_sunshine,-1.7,>= 0.0,forward_fill,8.1
2007-03-25,STOCKHOLM_sunshine,-1.7,>= 0.0,forward_fill,1.9
2007-10-28,STOCKHOLM_sunshine,-1.7,>= 0.0,forward_fill,0.0
2008-12-30,TOURS_pressure,0.0003,"[0.9, 1.1]",forward_fill,1.0236
