feature,importance_mean,importance_std
BASEL_temp_mean,3.386361868126865,0.15004566660937646
MAASTRICHT_temp_mean,0.38075034299163035,0.008478013200797234
TOURS_temp_max,0.25488439333489454,0.008455447551520978
HEATHROW_temp_max,0.1503840355629719,0.011964093075041933
BASEL_temp_max,0.04835719155413084,0.00460287618253843
HEATHROW_pressure,0.04829636792272699,0.011688558924552188
MONTELIMAR_temp_max,0.043767049501805065,0.005286035027994877
BASEL_temp_min,0.04101027334561902,0.005520668729713948
MAASTRICHT_temp_max,0.038608766704491794,0.010151347749893989
calendar_cos,0.03635598128550529,0.009539341073519957
LJUBLJANA_temp_mean,0.031341592345661175,0.0027185292254953224
TOURS_temp_mean,0.024524938293966292,0.0005348476191495185
ROMA_temp_max,0.019954897303697667,0.001020393229460733
DRESDEN_global_radiation,0.019313601020098863,0.004776656599715047
MONTELIMAR_wind_speed,0.01812729346852023,0.004615213788421604
MONTELIMAR_global_radiation,0.017770833042682455,0.004904392413163022
MUENCHEN_temp_mean,0.01659442190987348,0.0027708673669534015
KASSEL_temp_max,0.014419175445111213,0.0016151480947430442
DE_BILT_temp_mean,0.014200641527681265,0.0021130476939709643
OSLO_temp_mean,0.011762461988184869,0.0020690436535172256
MONTELIMAR_precipitation,0.011654918417822588,0.001695797237218223
BASEL_cloud_cover,0.01123868430842867,0.002727401496479394
LJUBLJANA_temp_max,0.010804429825588343,0.0023263982486446282
KASSEL_wind_gust,0.009775546561224738,0.0020425039871107328
PERPIGNAN_wind_speed,0.009369798040748186,0.0068326829142156004
PERPIGNAN_temp_max,0.00880955175277968,0.0016844927968362098
TOURS_humidity,0.008779918898177566,0.0021587438533737565
MAASTRICHT_temp_min,0.008654891956199654,0.0012981756039797815
SONNBLICK_global_radiation,0.008587687698587754,0.0021586447294274606
PERPIGNAN_global_radiation,0.00851269276053331,0.000687060698789206
TOURS_wind_speed,0.00819174550302256,0.002906658640576199
OSLO_temp_max,0.008034514815738802,0.0030369253266423085
DUSSELDORF_temp_max,0.007971562460021842,0.0028496979794901205
STOCKHOLM_temp_max,0.0078109138384362025,0.0013919542675219986
PERPIGNAN_precipitation,0.007776504659880112,0.004100564229894831
DRESDEN_temp_min,0.007706795282326355,0.003125946779553362
MUENCHEN_temp_mean_lag3,0.007636972125753427,0.0034970466240805795
LJUBLJANA_temp_min,0.0074121840356745254,0.0032229829336669737
DRESDEN_temp_mean,0.0072666170413637765,0.0017274947253049554
TOURS_precipitation,0.007186873763793382,0.005570849369534661
OSLO_global_radiation,0.007121335557306614,0.0007030852644877959
PERPIGNAN_temp_mean,0.006725992104065511,7.407318440314418e-05
ROMA_global_radiation,0.006483453362281584,0.0007049094147482911
KASSEL_precipitation,0.006428499376825029,0.002107398535811541
DUSSELDORF_wind_gust,0.006339573059870614,0.0023505370752428608
BUDAPEST_temp_mean_lag3,0.005953567991834552,0.002327781958291795
DE_BILT_temp_max,0.005810510900023047,0.0014316634067316708
DRESDEN_temp_max,0.005698570157462409,0.0017480332523780485
DRESDEN_humidity,0.005682891200617639,0.0007738978185361944
MONTELIMAR_temp_min,0.0056728301762145605,0.0022466489519869866
MONTELIMAR_temp_mean,0.005426228486675584,0.001504719448772275
DE_BILT_precipitation,0.005406429880792762,0.006719811102261092
MAASTRICHT_pressure,0.00535717978067655,0.003155402918450518
DUSSELDORF_precipitation,0.005109157625225569,0.0014100126199233824
HEATHROW_precipitation,0.004806230105764382,0.006123804484078734
HEATHROW_global_radiation,0.004792924425107333,0.0008652456637161464
STOCKHOLM_sunshine,0.004631945421040691,0.0016689854191343973
BASEL_humidity,0.004481844370847199,0.003867880713742317
DUSSELDORF_global_radiation,0.004365611754580649,0.0017981757762065987
MUENCHEN_global_radiation,0.004323314642729652,0.0015612508396495482
DE_BILT_pressure,0.00419089789393623,0.0019722387610645402
KASSEL_global_radiation,0.004056577244240171,0.00011563171007040535
BASEL_humidity_roll7,0.00405147372192971,0.0011644944592515997
DUSSELDORF_pressure,0.004005175525441847,0.002439704940238626
MUENCHEN_wind_gust,0.0038381809529900077,0.002634306867765846
TOURS_global_radiation,0.0038037351262761496,0.001543192735502479
DUSSELDORF_temp_mean,0.003772973326600315,0.0011220678339285079
MUENCHEN_temp_min,0.003681295339935812,0.001074019092199921
PERPIGNAN_humidity,0.0035928478261271954,0.0020110322580396034
OSLO_pressure,0.003550816046472486,0.00035066561737931125
LJUBLJANA_temp_mean_lag3,0.0035077381184440704,0.002239670533246288
calendar_sin,0.0033820172009092855,0.0016234730045065363
MALMO_precipitation,0.0032242662882888684,0.0011061419914531528
BASEL_temp_min_roll7,0.003157668140466733,0.00028433548240996216
MUENCHEN_precipitation,0.003126408336239376,0.0035633648815339126
MALMO_temp_max,0.0029077359115358505,0.0002868828987801044
BASEL_sunshine,0.0028683892639761086,0.0013820077995563775
MONTELIMAR_pressure,0.002788122652939743,0.005532890786359215
OSLO_sunshine,0.0027279210050575506,0.0005677276736807475
MALMO_wind_speed,0.0026573920874297663,0.00170862999592911
MUENCHEN_pressure,0.0026341831424054885,0.0013439313397826595
ROMA_sunshine,0.002480493880865131,0.0004169886751229401
OSLO_temp_mean_lag7,0.0023221752910393967,0.0006164433567883241
MAASTRICHT_precipitation,0.002269721449120521,0.0009736407520313726
HEATHROW_cloud_cover,0.0022535154624051903,0.009969412578890715
SONNBLICK_temp_mean_lag3,0.002196051564962609,0.0015979032009320342
DRESDEN_sunshine,0.0021932895397474748,0.001833152409256268
LJUBLJANA_pressure,0.00218040475543028,0.0031970785972798748
KASSEL_temp_mean,0.002169646992843018,0.00014193951636879947
MAASTRICHT_wind_gust,0.0021442572072147095,0.0006650009589665528
PERPIGNAN_temp_min,0.0020145136257580334,0.0019098978729552517
DE_BILT_temp_min,0.0020013778487045406,0.0012882978867824935
LJUBLJANA_temp_mean_lag1,0.0019716146515306545,0.0004991559416987606
BASEL_temp_mean_roll30,0.0019679963070760773,0.0004972067663126696
MONTELIMAR_temp_mean_lag1,0.0018225090623852729,0.0013932230302079786
OSLO_wind_gust,0.0017638988332884982,0.0005471271960653643
KASSEL_temp_mean_lag3,0.0017525343946606469,0.0016649894774753249
ROMA_humidity,0.0017224451252324524,0.0008585374313002171
OSLO_temp_min,0.0016976081673576449,0.00046577817123086496
MONTELIMAR_humidity,0.0016383629457702071,0.0018374543727619507
SONNBLICK_sunshine,0.001632112734603508,0.0014370768591755955
DRESDEN_temp_mean_lag3,0.0016014929848509791,0.0012508973380098438
BASEL_temp_mean_lag3,0.0015982288509194624,0.00030524350814398703
BASEL_temp_max_lag3,0.0015885960440356801,0.0016676300448211238
PERPIGNAN_temp_mean_lag7,0.0015818239034483355,0.0008074744489031085
DUSSELDORF_temp_min,0.0015443217855904596,0.0029112533847440295
KASSEL_pressure,0.0015430346101370507,0.003176868149656823
DRESDEN_wind_speed,0.0015243716394265732,0.0005605319925764947
HEATHROW_temp_mean,0.0015039645437648168,0.0003470498825164046
SONNBLICK_precipitation,0.0014731982127302867,0.001522513638136588
LJUBLJANA_sunshine,0.001464985673782578,0.0016554062808568357
MALMO_temp_mean_lag1,0.00143362583960438,0.00028335648580009906
BASEL_temp_max_roll7,0.0014258856618861355,0.0006209468245961421
TOURS_pressure,0.001425100258241126,0.0011646065496546342
LJUBLJANA_global_radiation,0.0013963834779050128,0.0005975034988514743
MUENCHEN_temp_max,0.0013961805990966674,0.0011532398424848906
OSLO_wind_speed,0.00130687502227896,0.0002900123668296599
MUENCHEN_sunshine,0.0012669767652152182,0.0008043648284109182
DRESDEN_precipitation,0.0012633992819099198,0.0008940558772030651
BASEL_temp_max_roll14,0.0012360243038565717,0.0013473898066142119
MAASTRICHT_global_radiation,0.0012257332833422268,4.841741460532878e-05
LJUBLJANA_wind_speed,0.001222816843049701,0.003083849150231134
BUDAPEST_pressure,0.0011820565514834385,0.002167377304736385
KASSEL_sunshine,0.0011741839470615911,0.0011237056220576125
LJUBLJANA_cloud_cover,0.0011386613116780204,0.00040355484339991895
MALMO_temp_min,0.0011223530820877088,0.001467128701207577
BUDAPEST_temp_mean_lag7,0.0010871446057714913,0.0004496239288488286
KASSEL_wind_speed,0.0010829507161977208,0.0004456856928701011
MUENCHEN_cloud_cover,0.0010668366213322973,0.0007025940428915837
MAASTRICHT_temp_mean_lag3,0.0010609322104966346,0.000965389509398017
BASEL_precipitation,0.0010546060953727416,0.003622046125987716
ROMA_temp_min,0.0010377321253864924,0.000937164306461064
STOCKHOLM_temp_mean_lag1,0.0009256020550576505,0.0006015580780663507
BASEL_temp_mean_lag2,0.0008247182664911831,0.0006998046128331862
ROMA_pressure,0.0008235890734668386,0.0023995717771673627
HEATHROW_temp_mean_lag1,0.0008196678771252112,0.0023346535168058675
TOURS_temp_min,0.0007788100704788636,0.0009829006921912532
BASEL_global_radiation,0.0007482472037981432,0.0010646309377665398
DE_BILT_temp_mean_lag3,0.0007431905894485317,0.0006405067674788787
KASSEL_humidity,0.0007132940061251128,0.0012692884152465324
LJUBLJANA_humidity,0.0006952153421890076,0.000875045206645472
DE_BILT_wind_gust,0.0006930186672108688,0.0009304233633360591
BUDAPEST_cloud_cover,0.000624120588673005,0.0004004631243807424
STOCKHOLM_cloud_cover,0.0005803806492351201,0.00022908761156329298
MUENCHEN_temp_mean_lag7,0.0005734940323917451,0.0010328810455790198
PERPIGNAN_temp_mean_lag3,0.0005517627358386049,0.0017563249860928732
ROMA_cloud_cover,0.0005496919252829061,0.001078905437708869
DRESDEN_temp_mean_lag1,0.0004916382079120929,0.003229925022483479
STOCKHOLM_temp_mean,0.00047947740696985264,0.0013332819408027497
PERPIGNAN_pressure,0.000474928583628742,0.0011805284696094125
ROMA_temp_mean_lag7,0.00046271059029279193,0.0007787451129122155
DUSSELDORF_temp_mean_lag3,0.000458388823558679,0.0004647491793832442
BASEL_temp_mean_roll7,0.00044038645503137924,0.0006033831277401138
DUSSELDORF_sunshine,0.0004378624502738848,0.001509173589210691
HEATHROW_sunshine,0.0003914287356352464,0.0010428541970825865
MAASTRICHT_cloud_cover,0.000373119648289381,0.000848803799963938
MALMO_temp_mean_lag7,0.0003253900045236957,0.003356316547546641
SONNBLICK_temp_min,0.00029403087966839436,0.0023149113303221978
BASEL_temp_max_lag7,0.00028177606528290156,0.00044203376876198933
STOCKHOLM_temp_min,0.00023741841884753848,0.0010318243947946087
BUDAPEST_temp_max,0.0002340263291831235,0.0002233742217175855
BASEL_temp_mean_lag7,0.00015855523810611358,0.0007354319064052196
BUDAPEST_temp_mean_lag1,0.0001582127064733522,0.00019638068467965232
BASEL_temp_max_roll30,0.00012154546376515658,0.0006138586103701863
STOCKHOLM_precipitation,8.935817580065415e-05,0.0014573132911407669
ROMA_temp_mean_lag1,3.634092975723924e-05,0.000987405066722686
LJUBLJANA_temp_mean_lag7,1.4435856533712155e-05,0.00044124072214922884
BASEL_temp_max_lag1,1.2437134919348244e-05,0.0005188251858109732
OSLO_cloud_cover,-6.972168437184105e-06,1.220000342011147e-05
BUDAPEST_humidity,-3.518324109719195e-05,7.718607739226677e-05
BASEL_temp_mean_roll14,-3.8616980854833116e-05,0.0011108493735845124
DUSSELDORF_cloud_cover,-7.95741860893558e-05,0.00013417404471557096
BASEL_temp_min_roll14,-0.00011837366724335811,0.0002026469014259399
BUDAPEST_precipitation,-0.00012807931080146182,0.0006486760323459464
SONNBLICK_temp_max,-0.00014571912227948994,0.0005651003698932656
MONTELIMAR_temp_mean_lag3,-0.0001492880440238468,0.0010948686843616224
OSLO_precipitation,-0.00016321820573184098,0.0007686161162516863
BASEL_pressure,-0.0001920609736571303,0.002721285956408032
OSLO_temp_mean_lag1,-0.00032663614556575443,0.0009986444791736783
BASEL_temp_min_roll30,-0.00033108947943942074,0.0004443633117510508
BASEL_temp_mean_lag1,-0.00034421240424091043,0.0003546004125570937
DUSSELDORF_humidity,-0.00035400181918165963,0.000502521189627626
BASEL_temp_min_lag2,-0.0003677802316111774,0.0010388979988317953
TOURS_temp_mean_lag7,-0.00038427181403137095,0.0011189598865061993
ROMA_temp_mean,-0.0003906547331017733,0.0005450571695885134
SONNBLICK_cloud_cover,-0.0004431353106573166,0.0002751265466634578
ROMA_temp_mean_lag3,-0.00046547925634395543,0.0009480972211591449
DUSSELDORF_temp_mean_lag1,-0.0004708966716175193,0.004417771155360475
BUDAPEST_temp_mean,-0.0005130423924181541,0.0003436450315338365
KASSEL_temp_mean_lag7,-0.0005148586351066964,0.0004372236033865723
STOCKHOLM_pressure,-0.0005256219513848729,0.0003676858239024173
BASEL_temp_min_lag7,-0.000545260948549009,0.00018588087072552773
DRESDEN_cloud_cover,-0.0005818183118562933,0.00022214618301474848
BASEL_temp_min_lag1,-0.0006001639061789336,0.0023460718008477244
BASEL_pressure_roll7,-0.0006003204659319472,0.0015957761971115174
MALMO_temp_mean,-0.0006211148145374157,0.00021707786465693336
DE_BILT_wind_speed,-0.0006545947947926104,0.003701042530745779
HEATHROW_temp_mean_lag7,-0.0006671732080016183,0.0007169490486398944
DRESDEN_temp_mean_lag7,-0.000694353183062472,0.0006443896985350965
MAASTRICHT_wind_speed,-0.0007103906649870151,0.0012112166510342387
MAASTRICHT_temp_mean_lag1,-0.0008492649721629775,0.0022086267462398776
SONNBLICK_humidity,-0.0008680889046987309,0.0008853954372193849
KASSEL_temp_mean_lag1,-0.0008694523473567658,0.0022361082761310222
MUENCHEN_temp_mean_lag1,-0.0008874937699949736,0.00024215326670118698
MAASTRICHT_temp_mean_lag7,-0.0008893595417126162,0.0015839898752822573
DE_BILT_global_radiation,-0.0008910666151572914,0.0009050881538688383
MAASTRICHT_sunshine,-0.0009054493011838952,0.001157688548831468
SONNBLICK_temp_mean_lag7,-0.0009204212315887528,0.0011421482355555832
TOURS_temp_mean_lag1,-0.0009548716538711292,0.0017205762474834805
LJUBLJANA_precipitation,-0.0009921134119597792,0.0011505930253382305
KASSEL_temp_min,-0.0009971704687112097,0.00038370231891493985
BUDAPEST_sunshine,-0.0010305489939153774,0.0007281187565732542
DE_BILT_temp_mean_lag7,-0.0010903727124460527,0.0003198283847068923
DUSSELDORF_temp_mean_lag7,-0.0011746982708243554,0.0005028552341020066
BUDAPEST_global_radiation,-0.0011789474637703041,0.0001902561928178994
MAASTRICHT_humidity,-0.0012493431199528022,0.0018569522475504572
SONNBLICK_temp_mean_lag1,-0.0012507846834112584,0.00037391053187046074
MUENCHEN_wind_speed,-0.0014692475049482567,0.003482494267799506
SONNBLICK_temp_mean,-0.0015764387598763048,0.000890738273931009
STOCKHOLM_temp_mean_lag3,-0.001583939931933287,0.0014210052574217447
HEATHROW_temp_mean_lag3,-0.0016045125658227615,0.0006252747313309915
MONTELIMAR_temp_mean_lag7,-0.0016351882810182368,0.0003471622698577691
MUENCHEN_humidity,-0.001637707003806943,0.0002527366119458834
TOURS_temp_mean_lag3,-0.0016612403620420342,0.0020605471038718567
MALMO_temp_mean_lag3,-0.001681346887647021,0.001305439496564686
PERPIGNAN_temp_mean_lag1,-0.0018765646552059145,0.0019780949392018657
DUSSELDORF_wind_speed,-0.002012683069053667,0.0016364939829784922
DE_BILT_humidity,-0.0020486442230376323,0.000718175715788392
DE_BILT_cloud_cover,-0.002098392746734993,0.0010049349640424037
BASEL_temp_min_lag3,-0.0022069648863127047,0.0005342569232981524
STOCKHOLM_temp_mean_lag7,-0.002498163061942208,0.0004873801062279227
OSLO_temp_mean_lag3,-0.0025184659707881973,0.003243605111289653
DE_BILT_temp_mean_lag1,-0.002883730051984316,0.0017252401457866972
DRESDEN_wind_gust,-0.002934688447897571,0.002023680729013437
OSLO_humidity,-0.003468038550364779,0.0031014814673997544
HEATHROW_temp_min,-0.004505756572182736,0.0015216980402459192
DE_BILT_sunshine,-0.004661030035986539,0.0009359043730752401
HEATHROW_humidity,-0.005944712850194526,0.00112333911163324
BASEL_temp_max_lag2,-0.007476606531132468,0.0009842640954308714
