model,split,mae,rmse,r2,skill_score_mae
hist_gradient_boosting,test,1.2280255213999722,1.6189526989948646,0.9565325155642086,0.26342618677091145
ridge,test,1.259011763107895,1.6290974367928102,0.9559860538527639,0.24484053540234418
random_forest,test,1.2922495211374534,1.6577094335752443,0.9544264347690149,0.2249044170168667
mlp,test,1.3055072373133538,1.6718782956354554,0.9536440477763332,0.21695239453181325
persistence,test,1.6672131147540983,2.1882198269207236,0.9205894718429481,0.0
climatology,test,2.709206402449524,3.410395593885619,0.807111780566965,-0.6249910575164304
hist_gradient_boosting,validation,1.2168406530330458,1.545518816372072,0.9489115753366588,0.2575037417636423
ridge,validation,1.287213910249241,1.611883789344283,0.9444298751264569,0.21456313155910245
random_forest,validation,1.3193975640049398,1.6606207259486563,0.9410186341512348,0.19492519258129293
mlp,validation,1.3645590830908354,1.7480894502945696,0.9346416287127725,0.16736837250467385
persistence,validation,1.6388508891928864,2.084848605354917,0.9070342527696134,0.0
climatology,validation,3.1636812282430697,3.8757367666678944,0.6787209084240834,-0.9304265257476496
