fold_start,fold_end,n_samples,model,mae,rmse,r2,persistence_mae,skill_score_mae,convergence_warnings
2009-01-01,2009-01-31,31,hist_gradient_boosting,1.1771786123712362,1.6010638895277844,0.7919169536524961,1.470967741935484,0.1997250661511334,0
2009-02-01,2009-02-28,28,hist_gradient_boosting,1.0666451344549253,1.540003919886076,0.6906882841882025,1.7678571428571426,0.39664517646994113,0
2009-03-01,2009-03-31,31,hist_gradient_boosting,1.2210239834942653,1.538093216056666,0.43059402350047926,1.4064516129032256,0.13184074568068282,0
2009-04-01,2009-04-30,30,hist_gradient_boosting,1.593373251687745,1.850112514115451,0.24070179350341714,1.5700000000000003,-0.014887421457162153,0
2009-05-01,2009-05-31,31,hist_gradient_boosting,1.575064056654639,1.8952563715513044,0.6219232433464084,1.8806451612903228,0.16248737982343386,0
2009-06-01,2009-06-30,30,hist_gradient_boosting,1.2163009468645605,1.5522552156396952,0.6470441492079095,1.4533333333333336,0.1630956787629173,0
2009-07-01,2009-07-31,31,hist_gradient_boosting,1.1023135775971247,1.6375926444803477,0.6241178798525204,1.8290322580645162,0.3973241462872864,0
2009-08-01,2009-08-31,31,hist_gradient_boosting,1.1042565976228584,1.3206256318398533,0.6924313161042726,1.9483870967741932,0.4332457859882679,0
2009-09-01,2009-09-30,30,hist_gradient_boosting,0.7514983349953029,0.9765250003831305,0.7505265757799826,1.1133333333333335,0.325001495513201,0
2009-10-01,2009-10-31,31,hist_gradient_boosting,0.94388133677257,1.2023316794394918,0.9141516959791982,1.632258064516129,0.42173277786660734,0
2009-11-01,2009-11-30,30,hist_gradient_boosting,1.15136117747787,1.3910914032574746,0.6096383859019794,1.4233333333333333,0.1910811399452904,0
2009-12-01,2009-12-31,31,hist_gradient_boosting,1.6644589934291072,2.2414273787291195,0.7508071916589618,2.4193548387096775,0.3120236160493024,0
2010-01-01,2010-01-31,1,hist_gradient_boosting,2.331940013504209,2.331940013504209,,3.6999999999999997,0.36974594229615965,0
