family,alpha,mae,rmse,r2,convergence_warnings,max_depth,min_samples_leaf,learning_rate,max_leaf_nodes,hidden_layer_sizes
ridge,0.1,1.297163204061072,1.6187831856314971,0.943953139947517,0,,,,,
ridge,1.0,1.2931444172071875,1.614441569157823,0.9442533749131373,0,,,,,
ridge,10.0,1.287213910249241,1.611883789344283,0.9444298751264569,0,,,,,
ridge,100.0,1.2908832879556693,1.618851927489572,0.9439483797706908,0,,,,,
random_forest,,1.3223025991792063,1.6615166972908209,0.9409549713667615,0,None,1,,,
random_forest,,1.3216662790424343,1.6638723655499603,0.9407874267371673,0,None,2,,,
random_forest,,1.3197779720292284,1.6610211160833543,0.9409901888794082,0,None,4,,,
random_forest,,1.3253691935402117,1.6664194839614916,0.9406059983052266,0,10,1,,,
random_forest,,1.32439910975096,1.6670165673541075,0.9405634285613441,0,10,2,,,
random_forest,,1.3220973941589882,1.6650295174373553,0.9407050384867549,0,10,4,,,
random_forest,,1.320581832896588,1.6603641712415613,0.94103685719026,0,16,1,,,
random_forest,,1.3216362583837546,1.6619934616993093,0.9409210811181314,0,16,2,,,
random_forest,,1.3193975640049398,1.6606207259486563,0.9410186341512348,0,16,4,,,
hist_gradient_boosting,,1.2361027896083998,1.5548584692702223,0.9482922494969351,0,,,0.03,15,
hist_gradient_boosting,,1.221928435145304,1.55407084044463,0.9483446223661055,0,,,0.03,31,
hist_gradient_boosting,,1.2428063036262005,1.5732170909039334,0.9470639869088087,0,,,0.03,63,
hist_gradient_boosting,,1.2244699678727295,1.5280052483348108,0.95006286649442,0,,,0.05,15,
hist_gradient_boosting,,1.2168406530330458,1.545518816372072,0.9489115753366588,0,,,0.05,31,
hist_gradient_boosting,,1.2435578951186494,1.576009716747001,0.9468758861230133,0,,,0.05,63,
hist_gradient_boosting,,1.236556499473907,1.5627845956981263,0.9477637296449262,0,,,0.1,15,
hist_gradient_boosting,,1.2456784597076855,1.5695710024822132,0.9473090716161051,0,,,0.1,31,
hist_gradient_boosting,,1.2642529509196718,1.5919503216248285,0.9457957999433245,0,,,0.1,63,
mlp,1e-05,1.3933501886183919,1.7594699287744895,0.9337878615026626,0,,,,,"(64,)"
mlp,1e-05,1.3645590830908354,1.7480894502945696,0.9346416287127725,0,,,,,"(128, 64)"
mlp,0.0001,1.3946515335027785,1.7642775783736344,0.9334255254855794,0,,,,,"(64,)"
mlp,0.0001,1.3844361402754861,1.765135239846415,0.933360782566364,0,,,,,"(128, 64)"
mlp,0.001,1.3917470489503108,1.7582636585454954,0.9338786187828242,0,,,,,"(64,)"
mlp,0.001,1.3813191997977354,1.7607454489213723,0.9336918262958609,0,,,,,"(128, 64)"
